scenario,n,median_Nf,p05_Nf,p95_Nf
baseline_as_printed,50,3450.819821055674,453.0856616501515,31459.456306653945
finished_100um,12,5004.492343578733,2699.58849349754,44458.73079930309
shape_round,300,9643.77050947959,753.6364810823521,54890.25542780282
shape_elong,300,2840.108646512369,283.78285210198464,17456.872386902392
cluster_isolated,300,3830.5115191541026,368.8622002577389,24805.886000265866
cluster_mixture,300,2259.184848667832,102.42450092393608,20899.574801852872
